  
<?xml version="1.0" encoding="UTF-8" standalone="yes"?>
<addon id="repository.blueninja" name="blueninja repo" version="1.0.1" provider-name="blueninja">
	<extension point="xbmc.addon.repository" name="blueninja repo">
        <info compressed="false">https://raw.githubusercontent.com/blueninja/zips/master/addons.xml</info>
        <checksum>https://raw.githubusercontent.com/blueninja/zips/master/addons.xml.md5</checksum>
        <datadir zip="true">https://raw.githubusercontent.com/blueninja/zips/master/</datadir>
	</extension>
	<extension point="xbmc.addon.metadata">
		<summary>Repo for blueninja Add-ons</summary>
		<description>Repository for testing and educational purposes only - no content is hosted here</description>
		<platform>all</platform>
	</extension>
</addon>