<?xml version="1.0" encoding="UTF-8" standalone="yes"?>
<addon id="repository.blueninja" name="blueninja Repo" version="0.0.1" provider-name="blueninja">
    <extension point="xbmc.addon.repository" name="blueninja Repo">
	    <dir>
	        <info compressed="false">https://raw.githubusercontent.com/I-A-C/zips/master/addons.xml</info>
	        <checksum>https://raw.githubusercontent.com/I-A-C/zips/master/addons.xml.md5</checksum>
	        <datadir zip="true">https://raw.githubusercontent.com/I-A-C/zips/master/</datadir>
	    </dir>
	    <dir>
	        <info compressed="false">https://raw.githubusercontent.com/a4k-openproject/repository.openscrapers/master/zips/addons.xml</info>
	        <checksum>https://raw.githubusercontent.com/a4k-openproject/repository.openscrapers/master/zips/addons.xml.md5</checksum>
	        <datadir zip="true">https://raw.githubusercontent.com/a4k-openproject/repository.openscrapers/master/zips/</datadir>
	    </dir>
	    <dir>
	        <info compressed="false">https://raw.githubusercontent.com/jsergio123/zips/master/addons.xml</info>
	        <checksum>https://raw.githubusercontent.com/jsergio123/zips/master/addons.xml.md5</checksum>
	        <datadir zip="true">https://raw.githubusercontent.com/jsergio123/zips/master/</datadir>
	    </dir>
	    <dir>
	        <info compressed="false">https://raw.githubusercontent.com/123Venom/zips/master/addons.xml</info>
	        <checksum>https://raw.githubusercontent.com/123Venom/zips/master/addons.xml.md5</checksum>
	        <datadir zip="true">https://raw.githubusercontent.com/123Venom/zips/master/</datadir>
	    </dir>
		<dir>
			<info compressed="false">https://bitbucket.org/threw/the-crew/raw/master/_zips/addons.xml</info>
			<checksum>https://bitbucket.org/threw/the-crew/raw/master/_zips/addons.xml.md5</checksum>
			<datadir zip="true">https://bitbucket.org/threw/the-crew/raw/master/_zips/</datadir>
		</dir>
		<dir>
			<info compressed="false">https://raw.githubusercontent.com/teamuniversal/scrapers/master/_modules4all/zips/addons.xml</info>
			<checksum>https://raw.githubusercontent.com/teamuniversal/scrapers/master/_modules4all/zips/addons.xml.md5</checksum>
			<datadir zip="true">https://raw.githubusercontent.com/teamuniversal/scrapers/master/_modules4all/zips/</datadir>
		</dir>
		<dir>
			<info compressed="false">https://raw.githubusercontent.com/dobbelina/repository.dobbelina/master/addons.xml</info>
			<checksum>https://raw.githubusercontent.com/dobbelina/repository.dobbelina/master/addons.xml.md5</checksum>
			<datadir zip="true">https://raw.githubusercontent.com/dobbelina/repository.dobbelina/master/</datadir>
		</dir>	    
    </extension>
    <extension point="xbmc.addon.metadata">
        <summary lang="en">PtahX Repository. We do not host any of the contents streamed or are we aphiliated with the owners in any way.</summary>
        <description lang="en"></description>
        <platform>all</platform>
    </extension>
</addon>
